{
    "dc_per_class_pp_all": {
        "1": 0.8645634508558329,
        "10": 0.7208444859513901,
        "11": 0.0,
        "2": 0.712487779522373,
        "3": 0.6573676943602724,
        "4": 0.6906401370229208,
        "5": 0.737915188883628,
        "6": 0.959359887473795,
        "7": 0.8101292333886768,
        "8": 0.8426195466338933,
        "9": 0.8449599901735219
    },
    "dc_per_class_pp_per_class": {
        "1": 0.9544750361370524,
        "10": 0.7450985820600622,
        "11": 0.8033384679720105,
        "2": 0.9273137426036552,
        "3": 0.9474517660263149,
        "4": 0.7007867861750966,
        "5": 0.7248509430611789,
        "6": 0.959683835619298,
        "7": 0.8167054504484061,
        "8": 0.9263878186954868,
        "9": 0.8449851712245987
    },
    "dc_per_class_raw": {
        "1": 0.9544352641003555,
        "10": 0.7469651784019353,
        "11": 0.8033358449642247,
        "2": 0.9221091865202915,
        "3": 0.9474518502789058,
        "4": 0.7085619173443045,
        "5": 0.7379423453353201,
        "6": 0.9593570151478172,
        "7": 0.8096333922552013,
        "8": 0.929901256098986,
        "9": 0.8460657939297866
    },
    "for_which_classes": [
        1,
        11,
        2,
        6,
        7
    ],
    "min_valid_object_sizes": "None",
    "num_samples": 32,
    "validation_final": "validation_raw_postprocessed",
    "validation_raw": "validation_raw"
}